{
  "log_reg": {
    "accuracy": 0.8356009070294784,
    "precision": 0.46938775510204084,
    "recall": 0.1619718309859155,
    "f1": 0.24083769633507854,
    "auc": 0.7142843547773126
  },
  "random_forest": {
    "accuracy": 0.9954648526077098,
    "precision": 1.0,
    "recall": 0.971830985915493,
    "f1": 0.9857142857142858,
    "auc": 0.9977540921202893
  },
  "xgboost": {
    "accuracy": 0.9954648526077098,
    "precision": 1.0,
    "recall": 0.971830985915493,
    "f1": 0.9857142857142858,
    "auc": 0.9999904834411877
  }
}